Super Mario Bros.,df78e7ad-9c30-4b42-9327-5c1bed81e50a,-1,This is really good,0,anonymous
Super Mario Bros.,46b63aa7-d3e5-4bdc-bee0-14e73fda94e6,df78e7ad-9c30-4b42-9327-5c1bed81e50a,yes,1,anonymous
Super Mario Bros.,706d77bd-46fa-426b-8ae4-6fe0003356aa,df78e7ad-9c30-4b42-9327-5c1bed81e50a,1212,0,anonymous
Super Mario Bros.,db3c6fe7-2378-4190-b250-2bca9281d259,46b63aa7-d3e5-4bdc-bee0-14e73fda94e6,dsdfsd,1,anonymous
1,9cd685c6-2abe-446e-9e9e-7434f02cadd9,-1,adasd,0,anonymous
1,a56668a0-fcd6-4c69-abbf-5329bb6546c4,9cd685c6-2abe-446e-9e9e-7434f02cadd9,asdas,2,anonymous
Call of Duty: Black Ops Cold War,29f49b3c-1418-4b66-b11a-c9ae5bc82d21,-1,black cops,0,anonymous
Starcraft,4c9ee3f1-6da5-40ee-a65f-19c068ac5156,-1,You must construct additional pylons,2,anonymous
Knack 2,91f84fac-b44e-4b08-bc30-353dd565bff7,-1,Game of the year!!!,1,anonymous
Pikmin 3,ae030601-f2df-4c5b-adc6-7a3ca6290e43,-1,The best Pikmin imo,1,anonymous
The Legend of Zelda: Breath of the Wild,5138b4fb-3b02-4443-ab65-98db30eb8191,-1,Maz Koshia is epic,0,anonymous
Call of Duty: Black Ops Cold War,4435d783-a3bc-40da-ac3b-57a7f10b6d2f,-1,Shoot Shooty mcShootface,1,anonymous
Geometry Dash,217e092f-f9a2-4d41-9fdf-f150cd9df5a6,-1,Hop, hop, hop. Too easy,0,admin
Geometry Dash,8dcd865e-bf12-42fb-845b-04495c1495d6,217e092f-f9a2-4d41-9fdf-f150cd9df5a6,n00b,0,admin
Pikmin 3,3ecc2f4f-3ae5-4771-b3d3-ad53457155b4,ae030601-f2df-4c5b-adc6-7a3ca6290e43,Original is the best,0,admin
